employee_id,employee_name,account,lob
E00001,Emp 1,HealthFirst,Claims
E00002,Emp 2,HealthFirst,Claims
E00003,Emp 3,HealthFirst,Claims
E00004,Emp 4,HealthFirst,Claims
E00005,Emp 5,HealthFirst,Claims
E00006,Emp 6,HealthFirst,Claims
E00007,Emp 7,HealthFirst,Claims
E00008,Emp 8,HealthFirst,Claims
E00009,Emp 9,HealthFirst,Claims
E00010,Emp 10,HealthFirst,Claims
E00011,Emp 11,HealthFirst,Claims
E00012,Emp 12,HealthFirst,Claims
E00013,Emp 13,HealthFirst,Claims
E00014,Emp 14,HealthFirst,Claims
E00015,Emp 15,HealthFirst,Claims
E00016,Emp 16,HealthFirst,Claims
E00017,Emp 17,HealthFirst,Claims
E00018,Emp 18,HealthFirst,Claims
E00019,Emp 19,HealthFirst,Claims
E00020,Emp 20,HealthFirst,Claims
E00021,Emp 21,HealthFirst,Claims
E00022,Emp 22,HealthFirst,Claims
E00023,Emp 23,HealthFirst,Claims
E00024,Emp 24,HealthFirst,Claims
E00025,Emp 25,HealthFirst,Claims
E00026,Emp 26,HealthFirst,Claims
E00027,Emp 27,HealthFirst,Claims
E00028,Emp 28,HealthFirst,Claims
E00029,Emp 29,HealthFirst,Claims
E00030,Emp 30,HealthFirst,Claims
E00031,Emp 31,HealthFirst,Claims
E00032,Emp 32,HealthFirst,Claims
E00033,Emp 33,HealthFirst,Claims
E00034,Emp 34,HealthFirst,Claims
E00035,Emp 35,HealthFirst,Claims
E00036,Emp 36,HealthFirst,Claims
E00037,Emp 37,HealthFirst,Claims
E00038,Emp 38,HealthFirst,Claims
E00039,Emp 39,HealthFirst,Claims
E00040,Emp 40,HealthFirst,Claims
E00041,Emp 41,HealthFirst,Claims
E00042,Emp 42,HealthFirst,Claims
E00043,Emp 43,HealthFirst,Claims
E00044,Emp 44,HealthFirst,Claims
E00045,Emp 45,HealthFirst,Claims
E00046,Emp 46,HealthFirst,Claims
E00047,Emp 47,HealthFirst,Claims
E00048,Emp 48,HealthFirst,Claims
E00049,Emp 49,HealthFirst,Claims
E00050,Emp 50,HealthFirst,Claims
E00051,Emp 51,HealthFirst,Claims
E00052,Emp 52,HealthFirst,Claims
E00053,Emp 53,HealthFirst,Claims
E00054,Emp 54,HealthFirst,Claims
E00055,Emp 55,HealthFirst,Claims
E00056,Emp 56,HealthFirst,Claims
E00057,Emp 57,HealthFirst,Claims
E00058,Emp 58,HealthFirst,Claims
E00059,Emp 59,HealthFirst,Claims
E00060,Emp 60,HealthFirst,Claims
E00061,Emp 61,HealthFirst,Claims
E00062,Emp 62,HealthFirst,Claims
E00063,Emp 63,HealthFirst,Claims
E00064,Emp 64,HealthFirst,Claims
E00065,Emp 65,HealthFirst,Claims
E00066,Emp 66,HealthFirst,Claims
E00067,Emp 67,HealthFirst,Claims
E00068,Emp 68,HealthFirst,Claims
E00069,Emp 69,HealthFirst,Claims
E00070,Emp 70,HealthFirst,Claims
E00071,Emp 71,HealthFirst,Claims
E00072,Emp 72,HealthFirst,Claims
E00073,Emp 73,HealthFirst,Claims
E00074,Emp 74,HealthFirst,Claims
E00075,Emp 75,HealthFirst,Claims
E00076,Emp 76,HealthFirst,Claims
E00077,Emp 77,HealthFirst,Claims
E00078,Emp 78,HealthFirst,Claims
E00079,Emp 79,HealthFirst,Claims
E00080,Emp 80,HealthFirst,Claims
E00081,Emp 81,HealthFirst,Claims
E00082,Emp 82,HealthFirst,Claims
E00083,Emp 83,HealthFirst,Claims
E00084,Emp 84,HealthFirst,Claims
E00085,Emp 85,HealthFirst,Claims
E00086,Emp 86,HealthFirst,Claims
E00087,Emp 87,HealthFirst,Claims
E00088,Emp 88,HealthFirst,Claims
E00089,Emp 89,HealthFirst,Claims
E00090,Emp 90,HealthFirst,Claims
E00091,Emp 91,HealthFirst,Claims
E00092,Emp 92,HealthFirst,Claims
E00093,Emp 93,HealthFirst,Claims
E00094,Emp 94,HealthFirst,Claims
E00095,Emp 95,HealthFirst,Claims
E00096,Emp 96,HealthFirst,Claims
E00097,Emp 97,HealthFirst,Claims
E00098,Emp 98,HealthFirst,Claims
E00099,Emp 99,HealthFirst,Claims
E00100,Emp 100,HealthFirst,Claims
E00101,Emp 101,HealthFirst,Claims
E00102,Emp 102,HealthFirst,Claims
E00103,Emp 103,HealthFirst,Claims
E00104,Emp 104,HealthFirst,Claims
E00105,Emp 105,HealthFirst,Claims
E00106,Emp 106,HealthFirst,Claims
E00107,Emp 107,HealthFirst,Claims
E00108,Emp 108,HealthFirst,Claims
E00109,Emp 109,HealthFirst,Claims
E00110,Emp 110,HealthFirst,Claims
E00111,Emp 111,HealthFirst,Claims
E00112,Emp 112,HealthFirst,Claims
E00113,Emp 113,HealthFirst,Claims
E00114,Emp 114,HealthFirst,Claims
E00115,Emp 115,HealthFirst,Claims
E00116,Emp 116,HealthFirst,Claims
E00117,Emp 117,HealthFirst,Claims
E00118,Emp 118,HealthFirst,Claims
E00119,Emp 119,HealthFirst,Enrollment
E00120,Emp 120,HealthFirst,Enrollment
E00121,Emp 121,HealthFirst,Enrollment
E00122,Emp 122,HealthFirst,Enrollment
E00123,Emp 123,HealthFirst,Enrollment
E00124,Emp 124,HealthFirst,Enrollment
E00125,Emp 125,HealthFirst,Enrollment
E00126,Emp 126,HealthFirst,Enrollment
E00127,Emp 127,HealthFirst,Enrollment
E00128,Emp 128,HealthFirst,Enrollment
E00129,Emp 129,HealthFirst,Enrollment
E00130,Emp 130,HealthFirst,Enrollment
E00131,Emp 131,HealthFirst,Enrollment
E00132,Emp 132,HealthFirst,Enrollment
E00133,Emp 133,HealthFirst,Enrollment
E00134,Emp 134,HealthFirst,Enrollment
E00135,Emp 135,HealthFirst,Enrollment
E00136,Emp 136,HealthFirst,Enrollment
E00137,Emp 137,HealthFirst,Enrollment
E00138,Emp 138,HealthFirst,Enrollment
E00139,Emp 139,HealthFirst,Enrollment
E00140,Emp 140,HealthFirst,Enrollment
E00141,Emp 141,HealthFirst,Enrollment
E00142,Emp 142,HealthFirst,Enrollment
E00143,Emp 143,HealthFirst,Enrollment
E00144,Emp 144,HealthFirst,Enrollment
E00145,Emp 145,HealthFirst,Enrollment
E00146,Emp 146,HealthFirst,Enrollment
E00147,Emp 147,HealthFirst,Enrollment
E00148,Emp 148,HealthFirst,Enrollment
E00149,Emp 149,HealthFirst,Enrollment
E00150,Emp 150,HealthFirst,Enrollment
E00151,Emp 151,HealthFirst,Enrollment
E00152,Emp 152,HealthFirst,Enrollment
E00153,Emp 153,HealthFirst,Enrollment
E00154,Emp 154,HealthFirst,Enrollment
E00155,Emp 155,HealthFirst,Enrollment
E00156,Emp 156,HealthFirst,Enrollment
E00157,Emp 157,HealthFirst,Enrollment
E00158,Emp 158,HealthFirst,Enrollment
E00159,Emp 159,HealthFirst,Enrollment
E00160,Emp 160,HealthFirst,Enrollment
E00161,Emp 161,HealthFirst,Enrollment
E00162,Emp 162,HealthFirst,Enrollment
E00163,Emp 163,HealthFirst,Enrollment
E00164,Emp 164,HealthFirst,Enrollment
E00165,Emp 165,HealthFirst,Enrollment
E00166,Emp 166,HealthFirst,Enrollment
E00167,Emp 167,HealthFirst,Enrollment
E00168,Emp 168,HealthFirst,Enrollment
E00169,Emp 169,HealthFirst,Enrollment
E00170,Emp 170,HealthFirst,Enrollment
E00171,Emp 171,HealthFirst,Enrollment
E00172,Emp 172,HealthFirst,Enrollment
E00173,Emp 173,HealthFirst,Enrollment
E00174,Emp 174,HealthFirst,Provider
E00175,Emp 175,HealthFirst,Provider
E00176,Emp 176,HealthFirst,Provider
E00177,Emp 177,HealthFirst,Provider
E00178,Emp 178,HealthFirst,Provider
E00179,Emp 179,HealthFirst,Provider
E00180,Emp 180,HealthFirst,Provider
E00181,Emp 181,HealthFirst,Provider
E00182,Emp 182,HealthFirst,Provider
E00183,Emp 183,HealthFirst,Provider
E00184,Emp 184,HealthFirst,Provider
E00185,Emp 185,HealthFirst,Provider
E00186,Emp 186,HealthFirst,Provider
E00187,Emp 187,HealthFirst,Provider
E00188,Emp 188,HealthFirst,Provider
E00189,Emp 189,HealthFirst,Provider
E00190,Emp 190,HealthFirst,Provider
E00191,Emp 191,HealthFirst,Provider
E00192,Emp 192,HealthFirst,Provider
E00193,Emp 193,HealthFirst,Provider
E00194,Emp 194,HealthFirst,Provider
E00195,Emp 195,HealthFirst,Provider
E00196,Emp 196,HealthFirst,Provider
E00197,Emp 197,HealthFirst,Provider
E00198,Emp 198,HealthFirst,Provider
E00199,Emp 199,HealthFirst,Provider
E00200,Emp 200,HealthFirst,Provider
E00201,Emp 201,HealthFirst,Provider
E00202,Emp 202,HealthFirst,Provider
E00203,Emp 203,HealthFirst,Provider
E00204,Emp 204,HealthFirst,Provider
E00205,Emp 205,HealthFirst,Provider
E00206,Emp 206,HealthFirst,Provider
E00207,Emp 207,HealthFirst,Provider
E00208,Emp 208,HealthFirst,Provider
E00209,Emp 209,HealthFirst,Provider
E00210,Emp 210,HealthFirst,Provider
E00211,Emp 211,HealthFirst,Provider
E00212,Emp 212,HealthFirst,Provider
E00213,Emp 213,HealthFirst,Provider
E00214,Emp 214,HealthFirst,Provider
E00215,Emp 215,HealthFirst,Provider
E00216,Emp 216,HealthFirst,Provider
E00217,Emp 217,HealthFirst,Provider
E00218,Emp 218,RetailMax,CustomerCare
E00219,Emp 219,RetailMax,CustomerCare
E00220,Emp 220,RetailMax,CustomerCare
E00221,Emp 221,RetailMax,CustomerCare
E00222,Emp 222,RetailMax,CustomerCare
E00223,Emp 223,RetailMax,CustomerCare
E00224,Emp 224,RetailMax,CustomerCare
E00225,Emp 225,RetailMax,CustomerCare
E00226,Emp 226,RetailMax,CustomerCare
E00227,Emp 227,RetailMax,CustomerCare
E00228,Emp 228,RetailMax,CustomerCare
E00229,Emp 229,RetailMax,CustomerCare
E00230,Emp 230,RetailMax,CustomerCare
E00231,Emp 231,RetailMax,CustomerCare
E00232,Emp 232,RetailMax,CustomerCare
E00233,Emp 233,RetailMax,CustomerCare
E00234,Emp 234,RetailMax,CustomerCare
E00235,Emp 235,RetailMax,CustomerCare
E00236,Emp 236,RetailMax,CustomerCare
E00237,Emp 237,RetailMax,CustomerCare
E00238,Emp 238,RetailMax,CustomerCare
E00239,Emp 239,RetailMax,CustomerCare
E00240,Emp 240,RetailMax,CustomerCare
E00241,Emp 241,RetailMax,CustomerCare
E00242,Emp 242,RetailMax,CustomerCare
E00243,Emp 243,RetailMax,CustomerCare
E00244,Emp 244,RetailMax,CustomerCare
E00245,Emp 245,RetailMax,CustomerCare
E00246,Emp 246,RetailMax,CustomerCare
E00247,Emp 247,RetailMax,CustomerCare
E00248,Emp 248,RetailMax,CustomerCare
E00249,Emp 249,RetailMax,CustomerCare
E00250,Emp 250,RetailMax,CustomerCare
E00251,Emp 251,RetailMax,CustomerCare
E00252,Emp 252,RetailMax,CustomerCare
E00253,Emp 253,RetailMax,CustomerCare
E00254,Emp 254,RetailMax,CustomerCare
E00255,Emp 255,RetailMax,CustomerCare
E00256,Emp 256,RetailMax,CustomerCare
E00257,Emp 257,RetailMax,CustomerCare
E00258,Emp 258,RetailMax,CustomerCare
E00259,Emp 259,RetailMax,CustomerCare
E00260,Emp 260,RetailMax,CustomerCare
E00261,Emp 261,RetailMax,CustomerCare
E00262,Emp 262,RetailMax,CustomerCare
E00263,Emp 263,RetailMax,CustomerCare
E00264,Emp 264,RetailMax,CustomerCare
E00265,Emp 265,RetailMax,CustomerCare
E00266,Emp 266,RetailMax,CustomerCare
E00267,Emp 267,RetailMax,CustomerCare
E00268,Emp 268,RetailMax,CustomerCare
E00269,Emp 269,RetailMax,CustomerCare
E00270,Emp 270,RetailMax,CustomerCare
E00271,Emp 271,RetailMax,CustomerCare
E00272,Emp 272,RetailMax,CustomerCare
E00273,Emp 273,RetailMax,CustomerCare
E00274,Emp 274,RetailMax,CustomerCare
E00275,Emp 275,RetailMax,CustomerCare
E00276,Emp 276,RetailMax,CustomerCare
E00277,Emp 277,RetailMax,CustomerCare
E00278,Emp 278,RetailMax,CustomerCare
E00279,Emp 279,RetailMax,CustomerCare
E00280,Emp 280,RetailMax,CustomerCare
E00281,Emp 281,RetailMax,CustomerCare
E00282,Emp 282,RetailMax,CustomerCare
E00283,Emp 283,RetailMax,CustomerCare
E00284,Emp 284,RetailMax,CustomerCare
E00285,Emp 285,RetailMax,CustomerCare
E00286,Emp 286,RetailMax,CustomerCare
E00287,Emp 287,RetailMax,CustomerCare
E00288,Emp 288,RetailMax,CustomerCare
E00289,Emp 289,RetailMax,CustomerCare
E00290,Emp 290,RetailMax,CustomerCare
E00291,Emp 291,RetailMax,CustomerCare
E00292,Emp 292,RetailMax,CustomerCare
E00293,Emp 293,RetailMax,CustomerCare
E00294,Emp 294,RetailMax,CustomerCare
E00295,Emp 295,RetailMax,CustomerCare
E00296,Emp 296,RetailMax,CustomerCare
E00297,Emp 297,RetailMax,CustomerCare
E00298,Emp 298,RetailMax,CustomerCare
E00299,Emp 299,RetailMax,CustomerCare
E00300,Emp 300,RetailMax,CustomerCare
E00301,Emp 301,RetailMax,CustomerCare
E00302,Emp 302,RetailMax,CustomerCare
E00303,Emp 303,RetailMax,CustomerCare
E00304,Emp 304,RetailMax,CustomerCare
E00305,Emp 305,RetailMax,CustomerCare
E00306,Emp 306,RetailMax,CustomerCare
E00307,Emp 307,RetailMax,CustomerCare
E00308,Emp 308,RetailMax,CustomerCare
E00309,Emp 309,RetailMax,CustomerCare
E00310,Emp 310,RetailMax,CustomerCare
E00311,Emp 311,RetailMax,CustomerCare
E00312,Emp 312,RetailMax,CustomerCare
E00313,Emp 313,RetailMax,Escalations
E00314,Emp 314,RetailMax,Escalations
E00315,Emp 315,RetailMax,Escalations
E00316,Emp 316,RetailMax,Escalations
E00317,Emp 317,RetailMax,Escalations
E00318,Emp 318,RetailMax,Escalations
E00319,Emp 319,RetailMax,Escalations
E00320,Emp 320,RetailMax,Escalations
E00321,Emp 321,RetailMax,Escalations
E00322,Emp 322,RetailMax,Escalations
E00323,Emp 323,RetailMax,Escalations
E00324,Emp 324,RetailMax,Escalations
E00325,Emp 325,RetailMax,Escalations
E00326,Emp 326,RetailMax,Escalations
E00327,Emp 327,RetailMax,Escalations
E00328,Emp 328,RetailMax,Escalations
E00329,Emp 329,RetailMax,Escalations
E00330,Emp 330,RetailMax,Escalations
E00331,Emp 331,RetailMax,Escalations
E00332,Emp 332,RetailMax,Escalations
E00333,Emp 333,RetailMax,Escalations
E00334,Emp 334,RetailMax,Escalations
E00335,Emp 335,RetailMax,Escalations
E00336,Emp 336,RetailMax,Escalations
E00337,Emp 337,RetailMax,Escalations
E00338,Emp 338,RetailMax,Escalations
E00339,Emp 339,RetailMax,Escalations
E00340,Emp 340,FinServe,KYC
E00341,Emp 341,FinServe,KYC
E00342,Emp 342,FinServe,KYC
E00343,Emp 343,FinServe,KYC
E00344,Emp 344,FinServe,KYC
E00345,Emp 345,FinServe,KYC
E00346,Emp 346,FinServe,KYC
E00347,Emp 347,FinServe,KYC
E00348,Emp 348,FinServe,KYC
E00349,Emp 349,FinServe,KYC
E00350,Emp 350,FinServe,KYC
E00351,Emp 351,FinServe,KYC
E00352,Emp 352,FinServe,KYC
E00353,Emp 353,FinServe,KYC
E00354,Emp 354,FinServe,KYC
E00355,Emp 355,FinServe,KYC
E00356,Emp 356,FinServe,KYC
E00357,Emp 357,FinServe,KYC
E00358,Emp 358,FinServe,KYC
E00359,Emp 359,FinServe,KYC
E00360,Emp 360,FinServe,KYC
E00361,Emp 361,FinServe,KYC
E00362,Emp 362,FinServe,KYC
E00363,Emp 363,FinServe,KYC
E00364,Emp 364,FinServe,KYC
E00365,Emp 365,FinServe,KYC
E00366,Emp 366,FinServe,KYC
E00367,Emp 367,FinServe,KYC
E00368,Emp 368,FinServe,KYC
E00369,Emp 369,FinServe,KYC
E00370,Emp 370,FinServe,KYC
E00371,Emp 371,FinServe,KYC
E00372,Emp 372,FinServe,KYC
E00373,Emp 373,FinServe,KYC
E00374,Emp 374,FinServe,KYC
E00375,Emp 375,FinServe,KYC
E00376,Emp 376,FinServe,KYC
E00377,Emp 377,FinServe,KYC
E00378,Emp 378,FinServe,KYC
E00379,Emp 379,FinServe,KYC
E00380,Emp 380,FinServe,KYC
E00381,Emp 381,FinServe,KYC
E00382,Emp 382,FinServe,KYC
E00383,Emp 383,FinServe,KYC
E00384,Emp 384,FinServe,KYC
E00385,Emp 385,FinServe,Disputes
E00386,Emp 386,FinServe,Disputes
E00387,Emp 387,FinServe,Disputes
E00388,Emp 388,FinServe,Disputes
E00389,Emp 389,FinServe,Disputes
E00390,Emp 390,FinServe,Disputes
E00391,Emp 391,FinServe,Disputes
E00392,Emp 392,FinServe,Disputes
E00393,Emp 393,FinServe,Disputes
E00394,Emp 394,FinServe,Disputes
E00395,Emp 395,FinServe,Disputes
E00396,Emp 396,FinServe,Disputes
E00397,Emp 397,FinServe,Disputes
E00398,Emp 398,FinServe,Disputes
E00399,Emp 399,FinServe,Disputes
E00400,Emp 400,FinServe,Disputes
E00401,Emp 401,FinServe,Disputes
E00402,Emp 402,FinServe,Disputes
E00403,Emp 403,FinServe,Disputes
E00404,Emp 404,FinServe,Disputes
E00405,Emp 405,FinServe,Disputes
E00406,Emp 406,FinServe,Disputes
E00407,Emp 407,FinServe,Disputes
E00408,Emp 408,FinServe,Disputes
E00409,Emp 409,FinServe,Disputes
E00410,Emp 410,FinServe,Disputes
E00411,Emp 411,FinServe,Disputes
E00412,Emp 412,FinServe,Disputes
E00413,Emp 413,FinServe,Disputes
E00414,Emp 414,FinServe,Disputes
E00415,Emp 415,FinServe,Disputes
E00416,Emp 416,FinServe,Disputes
E00417,Emp 417,FinServe,Disputes
E00418,Emp 418,FinServe,Disputes
E00419,Emp 419,FinServe,Disputes
E00420,Emp 420,FinServe,Disputes
E00421,Emp 421,FinServe,Disputes
E00422,Emp 422,FinServe,Disputes
E00423,Emp 423,FinServe,Disputes
