country,city,site,building,tower,floor,zone,zone_type,seat_id,x_mm,y_mm,desk_size_mm,seat_status,trapped_reason
India,Gurugram,Northgate Campus,Tower A,T1,14F,23B,Production,T1-23F-23B-001,11990.2,63865.3,1000x600,usable,
India,Gurugram,Northgate Campus,Tower A,T1,14F,23B,Production,T1-23F-23B-002,14181.0,63166.0,1000x600,usable,
India,Gurugram,Northgate Campus,Tower A,T1,14F,23B,Production,T1-23F-23B-003,15182.2,63166.0,1000x600,usable,
India,Gurugram,Northgate Campus,Tower A,T1,14F,23B,Production,T1-23F-23B-004,16134.3,63166.0,1000x600,usable,
India,Gurugram,Northgate Campus,Tower A,T1,14F,23B,Production,T1-23F-23B-005,17193.9,63166.0,1000x600,usable,
India,Gurugram,Northgate Campus,Tower A,T1,14F,23B,Production,T1-23F-23B-006,18215.4,63166.0,1000x600,usable,
India,Gurugram,Northgate Campus,Tower A,T1,14F,23B,Production,T1-23F-23B-007,19160.1,63166.0,1000x600,usable,
India,Gurugram,Northgate Campus,Tower A,T1,14F,23B,Production,T1-23F-23B-008,11990.2,62864.1,1000x600,usable,
India,Gurugram,Northgate Campus,Tower A,T1,14F,23B,Production,T1-23F-23B-009,14412.3,62540.2,1000x500,usable,
India,Gurugram,Northgate Campus,Tower A,T1,14F,23B,Production,T1-23F-23B-010,15413.6,62540.2,1000x500,usable,
India,Gurugram,Northgate Campus,Tower A,T1,14F,23B,Production,T1-23F-23B-011,16438.3,62540.2,1000x500,usable,
India,Gurugram,Northgate Campus,Tower A,T1,14F,23B,Production,T1-23F-23B-012,17445.5,62540.2,1000x500,usable,
India,Gurugram,Northgate Campus,Tower A,T1,14F,23B,Production,T1-23F-23B-013,18448.2,62540.2,1000x500,usable,
India,Gurugram,Northgate Campus,Tower A,T1,14F,23B,Production,T1-23F-23B-014,19447.9,62540.2,1000x500,usable,
India,Gurugram,Northgate Campus,Tower A,T1,14F,23B,Production,T1-23F-23B-015,11990.2,61862.9,1000x600,usable,
India,Gurugram,Northgate Campus,Tower A,T1,14F,23B,Production,T1-23F-23B-016,11990.2,60839.6,1000x600,usable,
India,Gurugram,Northgate Campus,Tower A,T1,14F,23B,Production,T1-23F-23B-017,14124.5,60552.5,1000x600,usable,
India,Gurugram,Northgate Campus,Tower A,T1,14F,23B,Production,T1-23F-23B-018,15182.2,60552.5,1000x600,usable,
India,Gurugram,Northgate Campus,Tower A,T1,14F,23B,Production,T1-23F-23B-019,16192.6,60552.5,1000x600,usable,
India,Gurugram,Northgate Campus,Tower A,T1,14F,23B,Production,T1-23F-23B-020,17193.9,60552.5,1000x600,usable,
India,Gurugram,Northgate Campus,Tower A,T1,14F,23B,Production,T1-23F-23B-021,18215.4,60552.5,1000x600,trapped,it_not_ready
India,Gurugram,Northgate Campus,Tower A,T1,14F,23B,Production,T1-23F-23B-022,19160.1,60552.5,1000x600,usable,
India,Gurugram,Northgate Campus,Tower A,T1,14F,23B,Production,T1-23F-23B-023,14427.1,59860.4,1000x600,usable,
India,Gurugram,Northgate Campus,Tower A,T1,14F,23B,Production,T1-23F-23B-024,15435.7,59860.4,1000x600,usable,
India,Gurugram,Northgate Campus,Tower A,T1,14F,23B,Production,T1-23F-23B-025,16454.0,59860.4,1000x600,usable,
India,Gurugram,Northgate Campus,Tower A,T1,14F,23B,Production,T1-23F-23B-026,17460.2,59860.4,1000x600,usable,
India,Gurugram,Northgate Campus,Tower A,T1,14F,23B,Production,T1-23F-23B-027,18461.4,59860.4,1000x600,usable,
India,Gurugram,Northgate Campus,Tower A,T1,14F,23B,Production,T1-23F-23B-028,19470.0,59860.4,1000x600,usable,
India,Gurugram,Northgate Campus,Tower A,T1,14F,23B,Production,T1-23F-23B-029,11990.2,59831.0,1000x600,usable,
India,Gurugram,Northgate Campus,Tower A,T1,14F,23B,Production,T1-23F-23B-030,14124.5,57835.9,1000x600,usable,
India,Gurugram,Northgate Campus,Tower A,T1,14F,23B,Production,T1-23F-23B-031,15182.2,57835.9,1000x600,usable,
India,Gurugram,Northgate Campus,Tower A,T1,14F,23B,Production,T1-23F-23B-032,16192.6,57835.9,1000x600,usable,
India,Gurugram,Northgate Campus,Tower A,T1,14F,23B,Production,T1-23F-23B-033,17193.9,57835.9,1000x600,usable,
India,Gurugram,Northgate Campus,Tower A,T1,14F,23B,Production,T1-23F-23B-034,18215.4,57835.9,1000x600,usable,
India,Gurugram,Northgate Campus,Tower A,T1,14F,23B,Production,T1-23F-23B-035,19160.1,57835.9,1000x600,usable,
India,Gurugram,Northgate Campus,Tower A,T1,14F,23B,Production,T1-23F-23B-036,11629.5,57718.1,1000x600,usable,
India,Gurugram,Northgate Campus,Tower A,T1,14F,23B,Production,T1-23F-23B-037,14427.1,57136.5,1000x600,usable,
India,Gurugram,Northgate Campus,Tower A,T1,14F,23B,Production,T1-23F-23B-038,15435.7,57136.5,1000x600,usable,
India,Gurugram,Northgate Campus,Tower A,T1,14F,23B,Production,T1-23F-23B-039,16454.0,57136.5,1000x600,usable,
India,Gurugram,Northgate Campus,Tower A,T1,14F,23B,Production,T1-23F-23B-040,17460.2,57136.5,1000x600,usable,
India,Gurugram,Northgate Campus,Tower A,T1,14F,23B,Production,T1-23F-23B-041,18461.4,57136.5,1000x600,usable,
India,Gurugram,Northgate Campus,Tower A,T1,14F,23B,Production,T1-23F-23B-042,19470.0,57136.5,1000x600,usable,
India,Gurugram,Northgate Campus,Tower A,T1,14F,23B,Production,T1-23F-23B-043,11629.5,56709.5,1000x600,usable,
India,Gurugram,Northgate Campus,Tower A,T1,14F,23B,Production,T1-23F-23B-044,11629.5,55708.2,1000x600,usable,
India,Gurugram,Northgate Campus,Tower A,T1,14F,23B,Production,T1-23F-23B-045,14124.5,55111.9,1000x600,usable,
India,Gurugram,Northgate Campus,Tower A,T1,14F,23B,Production,T1-23F-23B-046,15182.2,55111.9,1000x600,usable,
India,Gurugram,Northgate Campus,Tower A,T1,14F,23B,Production,T1-23F-23B-047,16192.6,55111.9,1000x600,usable,
India,Gurugram,Northgate Campus,Tower A,T1,14F,23B,Production,T1-23F-23B-048,17193.9,55111.9,1000x600,usable,
India,Gurugram,Northgate Campus,Tower A,T1,14F,23B,Production,T1-23F-23B-049,18215.4,55111.9,1000x600,usable,
India,Gurugram,Northgate Campus,Tower A,T1,14F,23B,Production,T1-23F-23B-050,19160.1,55111.9,1000x600,usable,
India,Gurugram,Northgate Campus,Tower A,T1,14F,23B,Production,T1-23F-23B-051,11629.5,54707.0,1000x600,usable,
India,Gurugram,Northgate Campus,Tower A,T1,14F,23B,Production,T1-23F-23B-052,16472.5,54405.2,1000x600,usable,
India,Gurugram,Northgate Campus,Tower A,T1,14F,23B,Production,T1-23F-23B-053,14427.1,54405.2,1000x600,usable,
India,Gurugram,Northgate Campus,Tower A,T1,14F,23B,Production,T1-23F-23B-054,15435.7,54405.2,1000x600,usable,
India,Gurugram,Northgate Campus,Tower A,T1,14F,23B,Production,T1-23F-23B-055,17460.2,54405.2,1000x600,usable,
India,Gurugram,Northgate Campus,Tower A,T1,14F,23B,Production,T1-23F-23B-056,18461.4,54405.2,1000x600,usable,
India,Gurugram,Northgate Campus,Tower A,T1,14F,23B,Production,T1-23F-23B-057,19119.1,54404.4,1000x600,usable,
India,Gurugram,Northgate Campus,Tower A,T1,14F,23B,Production,T1-23F-23B-058,11629.5,53683.7,1000x600,usable,
India,Gurugram,Northgate Campus,Tower A,T1,14F,23B,Production,T1-23F-23B-059,11629.5,52675.1,1000x600,usable,
India,Gurugram,Northgate Campus,Tower A,T1,14F,23B,Production,T1-23F-23B-060,14124.5,52373.3,1000x600,usable,
India,Gurugram,Northgate Campus,Tower A,T1,14F,23B,Production,T1-23F-23B-061,15182.2,52373.3,1000x600,trapped,it_not_ready
India,Gurugram,Northgate Campus,Tower A,T1,14F,23B,Production,T1-23F-23B-062,16192.6,52373.3,1000x600,usable,
India,Gurugram,Northgate Campus,Tower A,T1,14F,23B,Production,T1-23F-23B-063,17193.9,52373.3,1000x600,usable,
India,Gurugram,Northgate Campus,Tower A,T1,14F,23B,Production,T1-23F-23B-064,18215.4,52373.3,1000x600,usable,
India,Gurugram,Northgate Campus,Tower A,T1,14F,23B,Production,T1-23F-23B-065,19160.1,52373.3,1000x600,usable,
India,Gurugram,Northgate Campus,Tower A,T1,14F,23B,Production,T1-23F-23B-066,14427.1,51681.2,1000x600,usable,
India,Gurugram,Northgate Campus,Tower A,T1,14F,23B,Production,T1-23F-23B-067,15435.7,51681.2,1000x600,usable,
India,Gurugram,Northgate Campus,Tower A,T1,14F,23B,Production,T1-23F-23B-068,16454.0,51681.2,1000x600,usable,
India,Gurugram,Northgate Campus,Tower A,T1,14F,23B,Production,T1-23F-23B-069,17460.2,51681.2,1000x600,usable,
India,Gurugram,Northgate Campus,Tower A,T1,14F,23B,Production,T1-23F-23B-070,18461.4,51681.2,1000x600,usable,
India,Gurugram,Northgate Campus,Tower A,T1,14F,23B,Production,T1-23F-23B-071,19470.0,51681.2,1000x600,usable,
India,Gurugram,Northgate Campus,Tower A,T1,14F,23B,Production,T1-23F-23B-072,11629.5,51673.9,1000x600,usable,
India,Gurugram,Northgate Campus,Tower A,T1,14F,23B,Production,T1-23F-23B-073,14124.5,49656.7,1000x600,usable,
India,Gurugram,Northgate Campus,Tower A,T1,14F,23B,Production,T1-23F-23B-074,15182.2,49656.7,1000x600,usable,
India,Gurugram,Northgate Campus,Tower A,T1,14F,23B,Production,T1-23F-23B-075,16192.6,49656.7,1000x600,usable,
India,Gurugram,Northgate Campus,Tower A,T1,14F,23B,Production,T1-23F-23B-076,17193.9,49656.7,1000x600,usable,
India,Gurugram,Northgate Campus,Tower A,T1,14F,23B,Production,T1-23F-23B-077,18215.4,49656.7,1000x600,usable,
India,Gurugram,Northgate Campus,Tower A,T1,14F,23B,Production,T1-23F-23B-078,19160.1,49656.7,1000x600,usable,
India,Gurugram,Northgate Campus,Tower A,T1,14F,23B,Production,T1-23F-23B-079,11482.3,49303.3,1000x600,usable,
India,Gurugram,Northgate Campus,Tower A,T1,14F,23B,Production,T1-23F-23B-080,14427.1,48964.7,1000x600,usable,
India,Gurugram,Northgate Campus,Tower A,T1,14F,23B,Production,T1-23F-23B-081,15435.7,48964.7,1000x600,usable,
India,Gurugram,Northgate Campus,Tower A,T1,14F,23B,Production,T1-23F-23B-082,16454.0,48964.7,1000x600,usable,
India,Gurugram,Northgate Campus,Tower A,T1,14F,23B,Production,T1-23F-23B-083,17460.2,48964.7,1000x600,usable,
India,Gurugram,Northgate Campus,Tower A,T1,14F,23B,Production,T1-23F-23B-084,18461.4,48964.7,1000x600,usable,
India,Gurugram,Northgate Campus,Tower A,T1,14F,23B,Production,T1-23F-23B-085,19470.0,48964.7,1000x600,usable,
India,Gurugram,Northgate Campus,Tower A,T1,14F,23B,Production,T1-23F-23B-086,11482.3,48294.7,1000x600,usable,
India,Gurugram,Northgate Campus,Tower A,T1,14F,23B,Production,T1-23F-23B-087,11482.3,47293.5,1000x600,usable,
India,Gurugram,Northgate Campus,Tower A,T1,14F,23B,Production,T1-23F-23B-088,14124.5,46932.8,1000x600,usable,
India,Gurugram,Northgate Campus,Tower A,T1,14F,23B,Production,T1-23F-23B-089,15182.2,46932.8,1000x600,usable,
India,Gurugram,Northgate Campus,Tower A,T1,14F,23B,Production,T1-23F-23B-090,16192.6,46932.8,1000x600,usable,
India,Gurugram,Northgate Campus,Tower A,T1,14F,23B,Production,T1-23F-23B-091,17193.9,46932.8,1000x600,usable,
India,Gurugram,Northgate Campus,Tower A,T1,14F,23B,Production,T1-23F-23B-092,18215.4,46932.8,1000x600,usable,
India,Gurugram,Northgate Campus,Tower A,T1,14F,23B,Production,T1-23F-23B-093,19160.1,46932.8,1000x600,usable,
India,Gurugram,Northgate Campus,Tower A,T1,14F,23B,Production,T1-23F-23B-094,11482.3,46292.2,1000x600,usable,
India,Gurugram,Northgate Campus,Tower A,T1,14F,23B,Production,T1-23F-23B-095,14427.1,46240.7,1000x600,usable,
India,Gurugram,Northgate Campus,Tower A,T1,14F,23B,Production,T1-23F-23B-096,15435.7,46240.7,1000x600,usable,
India,Gurugram,Northgate Campus,Tower A,T1,14F,23B,Production,T1-23F-23B-097,16454.0,46240.7,1000x600,usable,
India,Gurugram,Northgate Campus,Tower A,T1,14F,23B,Production,T1-23F-23B-098,17460.2,46240.7,1000x600,usable,
India,Gurugram,Northgate Campus,Tower A,T1,14F,23B,Production,T1-23F-23B-099,18461.4,46240.7,1000x600,usable,
India,Gurugram,Northgate Campus,Tower A,T1,14F,23B,Production,T1-23F-23B-100,19470.0,46240.7,1000x600,usable,
India,Gurugram,Northgate Campus,Tower A,T1,14F,23B,Production,T1-23F-23B-101,11482.3,45283.7,1000x600,usable,
India,Gurugram,Northgate Campus,Tower A,T1,14F,23B,Production,T1-23F-23B-102,11482.3,44260.3,1000x600,usable,
India,Gurugram,Northgate Campus,Tower A,T1,14F,23B,Production,T1-23F-23B-103,14124.5,44216.2,1000x600,usable,
India,Gurugram,Northgate Campus,Tower A,T1,14F,23B,Production,T1-23F-23B-104,15182.2,44216.2,1000x600,usable,
India,Gurugram,Northgate Campus,Tower A,T1,14F,23B,Production,T1-23F-23B-105,16192.6,44216.2,1000x600,usable,
India,Gurugram,Northgate Campus,Tower A,T1,14F,23B,Production,T1-23F-23B-106,17193.9,44216.2,1000x600,usable,
India,Gurugram,Northgate Campus,Tower A,T1,14F,23B,Production,T1-23F-23B-107,18215.4,44216.2,1000x600,usable,
India,Gurugram,Northgate Campus,Tower A,T1,14F,23B,Production,T1-23F-23B-108,19160.1,44216.2,1000x600,usable,
India,Gurugram,Northgate Campus,Tower A,T1,14F,23B,Production,T1-23F-23B-109,14427.1,43524.1,1000x600,usable,
India,Gurugram,Northgate Campus,Tower A,T1,14F,23B,Production,T1-23F-23B-110,15435.7,43524.1,1000x600,usable,
India,Gurugram,Northgate Campus,Tower A,T1,14F,23B,Production,T1-23F-23B-111,16454.0,43524.1,1000x600,usable,
India,Gurugram,Northgate Campus,Tower A,T1,14F,23B,Production,T1-23F-23B-112,17460.2,43524.1,1000x600,usable,
India,Gurugram,Northgate Campus,Tower A,T1,14F,23B,Production,T1-23F-23B-113,18461.4,43524.1,1000x600,usable,
India,Gurugram,Northgate Campus,Tower A,T1,14F,23B,Production,T1-23F-23B-114,19470.0,43524.1,1000x600,usable,
India,Gurugram,Northgate Campus,Tower A,T1,14F,23B,Production,T1-23F-23B-115,11423.4,43244.4,1000x500,usable,
India,Gurugram,Northgate Campus,Tower A,T1,14F,23B,Production,T1-23F-23B-116,14124.5,41499.6,1000x600,usable,
India,Gurugram,Northgate Campus,Tower A,T1,14F,23B,Production,T1-23F-23B-117,15182.2,41499.6,1000x600,usable,
India,Gurugram,Northgate Campus,Tower A,T1,14F,23B,Production,T1-23F-23B-118,16192.6,41499.6,1000x600,usable,
India,Gurugram,Northgate Campus,Tower A,T1,14F,23B,Production,T1-23F-23B-119,17193.9,41499.6,1000x600,usable,
India,Gurugram,Northgate Campus,Tower A,T1,14F,23B,Production,T1-23F-23B-120,18215.4,41499.6,1000x600,usable,
India,Gurugram,Northgate Campus,Tower A,T1,14F,23B,Production,T1-23F-23B-121,19160.1,41499.6,1000x600,usable,
India,Gurugram,Northgate Campus,Tower A,T1,14F,23B,Production,T1-23F-23B-122,14427.1,40800.2,1000x600,usable,
India,Gurugram,Northgate Campus,Tower A,T1,14F,23B,Production,T1-23F-23B-123,15435.7,40800.2,1000x600,usable,
India,Gurugram,Northgate Campus,Tower A,T1,14F,23B,Production,T1-23F-23B-124,16454.0,40800.2,1000x600,usable,
India,Gurugram,Northgate Campus,Tower A,T1,14F,23B,Production,T1-23F-23B-125,17460.2,40800.2,1000x600,usable,
India,Gurugram,Northgate Campus,Tower A,T1,14F,23B,Production,T1-23F-23B-126,18461.4,40800.2,1000x600,usable,
India,Gurugram,Northgate Campus,Tower A,T1,14F,23B,Production,T1-23F-23B-127,19470.0,40800.2,1000x600,usable,
India,Gurugram,Northgate Campus,Tower A,T1,14F,23B,Production,T1-23F-23B-128,11423.4,40476.3,1000x500,usable,
India,Gurugram,Northgate Campus,Tower A,T1,14F,23B,Production,T1-23F-23B-129,11423.4,39475.0,1000x500,usable,
India,Gurugram,Northgate Campus,Tower A,T1,14F,23B,Production,T1-23F-23B-130,11423.4,38466.4,1000x500,usable,
India,Gurugram,Northgate Campus,Tower A,T1,14F,23B,Production,T1-23F-23B-131,14195.7,38238.2,1000x500,usable,
India,Gurugram,Northgate Campus,Tower A,T1,14F,23B,Production,T1-23F-23B-132,15273.3,38238.2,1000x500,usable,
India,Gurugram,Northgate Campus,Tower A,T1,14F,23B,Production,T1-23F-23B-133,16274.5,38238.2,1000x500,usable,
India,Gurugram,Northgate Campus,Tower A,T1,14F,23B,Production,T1-23F-23B-134,17157.6,38238.2,1000x500,usable,
India,Gurugram,Northgate Campus,Tower A,T1,14F,23B,Production,T1-23F-23B-135,18181.5,38238.2,1000x500,usable,
India,Gurugram,Northgate Campus,Tower A,T1,14F,23B,Production,T1-23F-23B-136,19190.1,38238.2,1000x500,usable,
India,Gurugram,Northgate Campus,Tower A,T1,14F,23C,Production,T1-23F-23C-001,33281.0,68415.9,1000x600,usable,
India,Gurugram,Northgate Campus,Tower A,T1,14F,23C,Production,T1-23F-23C-002,34282.2,68357.1,1000x600,usable,
India,Gurugram,Northgate Campus,Tower A,T1,14F,23C,Production,T1-23F-23C-003,35290.9,68308.8,1000x600,usable,
India,Gurugram,Northgate Campus,Tower A,T1,14F,23C,Production,T1-23F-23C-004,36291.9,68265.4,1000x600,usable,
India,Gurugram,Northgate Campus,Tower A,T1,14F,23C,Production,T1-23F-23C-005,37293.3,68209.9,1000x600,usable,
India,Gurugram,Northgate Campus,Tower A,T1,14F,23C,Production,T1-23F-23C-006,38316.6,68173.1,1000x600,usable,
India,Gurugram,Northgate Campus,Tower A,T1,14F,23C,Production,T1-23F-23C-007,39325.0,68118.4,1000x600,usable,
India,Gurugram,Northgate Campus,Tower A,T1,14F,23C,Production,T1-23F-23C-008,32360.9,65867.8,1200x600,usable,
India,Gurugram,Northgate Campus,Tower A,T1,14F,23C,Production,T1-23F-23C-009,33531.4,65816.3,1000x600,usable,
India,Gurugram,Northgate Campus,Tower A,T1,14F,23C,Production,T1-23F-23C-010,34532.7,65816.3,1000x600,usable,
India,Gurugram,Northgate Campus,Tower A,T1,14F,23C,Production,T1-23F-23C-011,35533.9,65816.3,1000x600,usable,
India,Gurugram,Northgate Campus,Tower A,T1,14F,23C,Production,T1-23F-23C-012,36535.1,65816.3,1000x600,usable,
India,Gurugram,Northgate Campus,Tower A,T1,14F,23C,Production,T1-23F-23C-013,37536.4,65816.3,1000x600,usable,
India,Gurugram,Northgate Campus,Tower A,T1,14F,23C,Production,T1-23F-23C-014,38537.6,65816.3,1000x600,usable,
India,Gurugram,Northgate Campus,Tower A,T1,14F,23C,Production,T1-23F-23C-015,33516.7,65330.4,1000x500,usable,
India,Gurugram,Northgate Campus,Tower A,T1,14F,23C,Production,T1-23F-23C-016,34525.3,65315.7,1000x500,usable,
India,Gurugram,Northgate Campus,Tower A,T1,14F,23C,Production,T1-23F-23C-017,35526.6,65315.7,1000x500,usable,
India,Gurugram,Northgate Campus,Tower A,T1,14F,23C,Production,T1-23F-23C-018,36527.8,65315.7,1000x500,usable,
India,Gurugram,Northgate Campus,Tower A,T1,14F,23C,Production,T1-23F-23C-019,37529.0,65315.7,1000x500,usable,
India,Gurugram,Northgate Campus,Tower A,T1,14F,23C,Production,T1-23F-23C-020,38530.2,65315.7,1000x500,usable,
India,Gurugram,Northgate Campus,Tower A,T1,14F,23C,Production,T1-23F-23C-021,32360.9,65205.2,1200x600,usable,
India,Gurugram,Northgate Campus,Tower A,T1,14F,23C,Production,T1-23F-23C-022,41445.6,64815.1,1000x600,usable,
India,Gurugram,Northgate Campus,Tower A,T1,14F,23C,Production,T1-23F-23C-023,41467.7,63718.1,1200x600,usable,
India,Gurugram,Northgate Campus,Tower A,T1,14F,23C,Production,T1-23F-23C-024,32405.1,62930.4,1200x600,usable,
India,Gurugram,Northgate Campus,Tower A,T1,14F,23C,Production,T1-23F-23C-025,33553.5,62878.8,1000x600,usable,
India,Gurugram,Northgate Campus,Tower A,T1,14F,23C,Production,T1-23F-23C-026,34554.8,62878.8,1000x600,usable,
India,Gurugram,Northgate Campus,Tower A,T1,14F,23C,Production,T1-23F-23C-027,35556.0,62878.8,1000x600,usable,
India,Gurugram,Northgate Campus,Tower A,T1,14F,23C,Production,T1-23F-23C-028,36557.2,62878.8,1000x600,usable,
India,Gurugram,Northgate Campus,Tower A,T1,14F,23C,Production,T1-23F-23C-029,37558.5,62878.8,1000x600,trapped,it_not_ready
India,Gurugram,Northgate Campus,Tower A,T1,14F,23C,Production,T1-23F-23C-030,38559.7,62878.8,1000x600,usable,
India,Gurugram,Northgate Campus,Tower A,T1,14F,23C,Production,T1-23F-23C-031,41467.7,62510.7,1200x600,usable,
India,Gurugram,Northgate Campus,Tower A,T1,14F,23C,Production,T1-23F-23C-032,33538.8,62393.0,1000x500,usable,
India,Gurugram,Northgate Campus,Tower A,T1,14F,23C,Production,T1-23F-23C-033,34547.4,62385.6,1000x500,usable,
India,Gurugram,Northgate Campus,Tower A,T1,14F,23C,Production,T1-23F-23C-034,35548.6,62385.6,1000x500,usable,
India,Gurugram,Northgate Campus,Tower A,T1,14F,23C,Production,T1-23F-23C-035,36549.9,62385.6,1000x500,usable,
India,Gurugram,Northgate Campus,Tower A,T1,14F,23C,Production,T1-23F-23C-036,37551.1,62385.6,1000x500,usable,
India,Gurugram,Northgate Campus,Tower A,T1,14F,23C,Production,T1-23F-23C-037,38552.3,62385.6,1000x500,usable,
India,Gurugram,Northgate Campus,Tower A,T1,14F,23C,Production,T1-23F-23C-038,32405.1,62267.8,1200x600,usable,
India,Gurugram,Northgate Campus,Tower A,T1,14F,23C,Production,T1-23F-23C-039,41467.7,61288.7,1200x600,trapped,it_not_ready
India,Gurugram,Northgate Campus,Tower A,T1,14F,23C,Production,T1-23F-23C-040,41445.6,60177.0,1000x600,usable,
India,Gurugram,Northgate Campus,Tower A,T1,14F,23C,Production,T1-23F-23C-041,33575.6,59956.1,1000x600,usable,
India,Gurugram,Northgate Campus,Tower A,T1,14F,23C,Production,T1-23F-23C-042,34576.9,59956.1,1000x600,usable,
India,Gurugram,Northgate Campus,Tower A,T1,14F,23C,Production,T1-23F-23C-043,35578.1,59956.1,1000x600,usable,
India,Gurugram,Northgate Campus,Tower A,T1,14F,23C,Production,T1-23F-23C-044,36579.3,59956.1,1000x600,usable,
India,Gurugram,Northgate Campus,Tower A,T1,14F,23C,Production,T1-23F-23C-045,37580.5,59956.1,1000x600,trapped,it_not_ready
India,Gurugram,Northgate Campus,Tower A,T1,14F,23C,Production,T1-23F-23C-046,38581.8,59956.1,1000x600,usable,
India,Gurugram,Northgate Campus,Tower A,T1,14F,23C,Production,T1-23F-23C-047,33560.9,59462.9,1000x500,trapped,it_not_ready
India,Gurugram,Northgate Campus,Tower A,T1,14F,23C,Production,T1-23F-23C-048,34569.5,59455.5,1000x500,usable,
India,Gurugram,Northgate Campus,Tower A,T1,14F,23C,Production,T1-23F-23C-049,35570.7,59455.5,1000x500,usable,
India,Gurugram,Northgate Campus,Tower A,T1,14F,23C,Production,T1-23F-23C-050,36572.0,59455.5,1000x500,usable,
India,Gurugram,Northgate Campus,Tower A,T1,14F,23C,Production,T1-23F-23C-051,37573.2,59455.5,1000x500,usable,
India,Gurugram,Northgate Campus,Tower A,T1,14F,23C,Production,T1-23F-23C-052,38574.4,59455.5,1000x500,usable,
India,Gurugram,Northgate Campus,Tower A,T1,14F,23C,Production,T1-23F-23C-053,32544.9,57092.3,1000x600,usable,
India,Gurugram,Northgate Campus,Tower A,T1,14F,23C,Production,T1-23F-23C-054,33597.7,57026.0,1000x600,usable,
India,Gurugram,Northgate Campus,Tower A,T1,14F,23C,Production,T1-23F-23C-055,34598.9,57026.0,1000x600,usable,
India,Gurugram,Northgate Campus,Tower A,T1,14F,23C,Production,T1-23F-23C-056,35600.2,57026.0,1000x600,usable,
India,Gurugram,Northgate Campus,Tower A,T1,14F,23C,Production,T1-23F-23C-057,36601.4,57026.0,1000x600,usable,
India,Gurugram,Northgate Campus,Tower A,T1,14F,23C,Production,T1-23F-23C-058,37602.6,57026.0,1000x600,usable,
India,Gurugram,Northgate Campus,Tower A,T1,14F,23C,Production,T1-23F-23C-059,38611.2,57026.0,1000x600,usable,
India,Gurugram,Northgate Campus,Tower A,T1,14F,23C,Production,T1-23F-23C-060,33583.0,56532.8,1000x500,usable,
India,Gurugram,Northgate Campus,Tower A,T1,14F,23C,Production,T1-23F-23C-061,34591.6,56525.4,1000x500,usable,
India,Gurugram,Northgate Campus,Tower A,T1,14F,23C,Production,T1-23F-23C-062,35592.8,56525.4,1000x500,usable,
India,Gurugram,Northgate Campus,Tower A,T1,14F,23C,Production,T1-23F-23C-063,36594.0,56525.4,1000x500,usable,
India,Gurugram,Northgate Campus,Tower A,T1,14F,23C,Production,T1-23F-23C-064,37595.3,56525.4,1000x500,usable,
India,Gurugram,Northgate Campus,Tower A,T1,14F,23C,Production,T1-23F-23C-065,38596.5,56525.4,1000x500,usable,
India,Gurugram,Northgate Campus,Tower A,T1,14F,23C,Production,T1-23F-23C-066,32427.2,56415.0,1200x600,usable,
India,Gurugram,Northgate Campus,Tower A,T1,14F,23C,Production,T1-23F-23C-067,33627.2,53484.9,1000x600,usable,
India,Gurugram,Northgate Campus,Tower A,T1,14F,23C,Production,T1-23F-23C-068,34628.4,53484.9,1000x600,usable,
India,Gurugram,Northgate Campus,Tower A,T1,14F,23C,Production,T1-23F-23C-069,35629.6,53484.9,1000x600,usable,
India,Gurugram,Northgate Campus,Tower A,T1,14F,23C,Production,T1-23F-23C-070,36630.9,53484.9,1000x600,trapped,it_not_ready
India,Gurugram,Northgate Campus,Tower A,T1,14F,23C,Production,T1-23F-23C-071,37632.1,53484.9,1000x600,usable,
India,Gurugram,Northgate Campus,Tower A,T1,14F,23C,Production,T1-23F-23C-072,38633.3,53484.9,1000x600,usable,
India,Gurugram,Northgate Campus,Tower A,T1,14F,23C,Production,T1-23F-23C-073,33612.4,52999.0,1000x500,usable,
India,Gurugram,Northgate Campus,Tower A,T1,14F,23C,Production,T1-23F-23C-074,34613.7,52991.7,1000x500,usable,
India,Gurugram,Northgate Campus,Tower A,T1,14F,23C,Production,T1-23F-23C-075,35614.9,52991.7,1000x500,usable,
India,Gurugram,Northgate Campus,Tower A,T1,14F,23C,Production,T1-23F-23C-076,36616.1,52991.7,1000x500,usable,
India,Gurugram,Northgate Campus,Tower A,T1,14F,23C,Production,T1-23F-23C-077,37624.7,52991.7,1000x500,usable,
India,Gurugram,Northgate Campus,Tower A,T1,14F,23C,Production,T1-23F-23C-078,38626.0,52991.7,1000x500,usable,
India,Gurugram,Northgate Campus,Tower A,T1,14F,23C,Production,T1-23F-23C-079,33656.6,50657.9,1000x600,usable,
India,Gurugram,Northgate Campus,Tower A,T1,14F,23C,Production,T1-23F-23C-080,34657.8,50657.9,1000x600,usable,
India,Gurugram,Northgate Campus,Tower A,T1,14F,23C,Production,T1-23F-23C-081,35659.1,50657.9,1000x600,usable,
India,Gurugram,Northgate Campus,Tower A,T1,14F,23C,Production,T1-23F-23C-082,36660.3,50657.9,1000x600,usable,
India,Gurugram,Northgate Campus,Tower A,T1,14F,23C,Production,T1-23F-23C-083,37661.5,50657.9,1000x600,usable,
India,Gurugram,Northgate Campus,Tower A,T1,14F,23C,Production,T1-23F-23C-084,38662.8,50657.9,1000x600,usable,
India,Gurugram,Northgate Campus,Tower A,T1,14F,23C,Production,T1-23F-23C-085,33641.9,50157.3,1000x500,usable,
India,Gurugram,Northgate Campus,Tower A,T1,14F,23C,Production,T1-23F-23C-086,34650.5,50157.3,1000x500,usable,
India,Gurugram,Northgate Campus,Tower A,T1,14F,23C,Production,T1-23F-23C-087,35651.7,50157.3,1000x500,usable,
India,Gurugram,Northgate Campus,Tower A,T1,14F,23C,Production,T1-23F-23C-088,36652.9,50157.3,1000x500,usable,
India,Gurugram,Northgate Campus,Tower A,T1,14F,23C,Production,T1-23F-23C-089,37654.2,50157.3,1000x500,usable,
India,Gurugram,Northgate Campus,Tower A,T1,14F,23C,Production,T1-23F-23C-090,38655.4,50157.3,1000x500,usable,
India,Gurugram,Northgate Campus,Tower A,T1,14F,23C,Production,T1-23F-23C-091,32464.0,47477.5,1000x600,usable,
India,Gurugram,Northgate Campus,Tower A,T1,14F,23C,Production,T1-23F-23C-092,33465.2,47477.5,1000x600,usable,
India,Gurugram,Northgate Campus,Tower A,T1,14F,23C,Production,T1-23F-23C-093,34466.4,47477.5,1000x600,usable,
India,Gurugram,Northgate Campus,Tower A,T1,14F,23C,Production,T1-23F-23C-094,35467.7,47477.5,1000x600,trapped,it_not_ready
India,Gurugram,Northgate Campus,Tower A,T1,14F,23C,Production,T1-23F-23C-095,36468.9,47477.5,1000x600,usable,
India,Gurugram,Northgate Campus,Tower A,T1,14F,23C,Production,T1-23F-23C-096,37470.1,47477.5,1000x600,usable,
India,Gurugram,Northgate Campus,Tower A,T1,14F,23A,Production,T1-23F-23A-001,12549.7,33099.5,1000x600,usable,
India,Gurugram,Northgate Campus,Tower A,T1,14F,23A,Production,T1-23F-23A-002,13551.0,33099.5,1000x600,trapped,it_not_ready
India,Gurugram,Northgate Campus,Tower A,T1,14F,23A,Production,T1-23F-23A-003,14574.3,33099.5,1000x600,usable,
India,Gurugram,Northgate Campus,Tower A,T1,14F,23A,Production,T1-23F-23A-004,15582.9,33099.5,1000x600,usable,
India,Gurugram,Northgate Campus,Tower A,T1,14F,23A,Production,T1-23F-23A-005,16584.1,33099.5,1000x600,usable,
India,Gurugram,Northgate Campus,Tower A,T1,14F,23A,Production,T1-23F-23A-006,17585.4,33099.5,1000x600,usable,
India,Gurugram,Northgate Campus,Tower A,T1,14F,23A,Production,T1-23F-23A-007,18608.7,33099.5,1000x600,usable,
India,Gurugram,Northgate Campus,Tower A,T1,14F,23A,Production,T1-23F-23A-008,19617.3,33099.5,1000x600,usable,
India,Gurugram,Northgate Campus,Tower A,T1,14F,23A,Production,T1-23F-23A-009,20618.5,33099.5,1000x600,trapped,it_not_ready
India,Gurugram,Northgate Campus,Tower A,T1,14F,23A,Production,T1-23F-23A-010,23335.1,33099.5,1000x600,usable,
India,Gurugram,Northgate Campus,Tower A,T1,14F,23A,Production,T1-23F-23A-011,24343.7,33099.5,1000x600,usable,
India,Gurugram,Northgate Campus,Tower A,T1,14F,23A,Production,T1-23F-23A-012,25359.6,33099.5,1000x600,usable,
India,Gurugram,Northgate Campus,Tower A,T1,14F,23A,Production,T1-23F-23A-013,21987.8,32753.5,1000x600,usable,
India,Gurugram,Northgate Campus,Tower A,T1,14F,23A,Production,T1-23F-23A-014,10952.2,32621.0,1000x600,usable,
India,Gurugram,Northgate Campus,Tower A,T1,14F,23A,Production,T1-23F-23A-015,10952.2,31597.7,1000x600,usable,
India,Gurugram,Northgate Campus,Tower A,T1,14F,23A,Production,T1-23F-23A-016,13609.9,31178.1,1000x600,usable,
India,Gurugram,Northgate Campus,Tower A,T1,14F,23A,Production,T1-23F-23A-017,14287.2,31178.1,1000x600,usable,
India,Gurugram,Northgate Campus,Tower A,T1,14F,23A,Production,T1-23F-23A-018,16223.4,31178.1,1000x600,usable,
India,Gurugram,Northgate Campus,Tower A,T1,14F,23A,Production,T1-23F-23A-019,16893.3,31178.1,1000x600,usable,
India,Gurugram,Northgate Campus,Tower A,T1,14F,23A,Production,T1-23F-23A-020,18836.9,31178.1,1000x600,usable,
India,Gurugram,Northgate Campus,Tower A,T1,14F,23A,Production,T1-23F-23A-021,19514.2,31178.1,1000x600,usable,
India,Gurugram,Northgate Campus,Tower A,T1,14F,23A,Production,T1-23F-23A-022,21472.5,31178.1,1000x600,usable,
India,Gurugram,Northgate Campus,Tower A,T1,14F,23A,Production,T1-23F-23A-023,22149.8,31178.1,1000x600,usable,
India,Gurugram,Northgate Campus,Tower A,T1,14F,23A,Production,T1-23F-23A-024,24078.6,31178.1,1000x600,usable,
India,Gurugram,Northgate Campus,Tower A,T1,14F,23A,Production,T1-23F-23A-025,10952.2,30589.1,1000x600,usable,
India,Gurugram,Northgate Campus,Tower A,T1,14F,23A,Production,T1-23F-23A-026,14272.5,30184.1,1000x600,trapped,it_not_ready
India,Gurugram,Northgate Campus,Tower A,T1,14F,23A,Production,T1-23F-23A-027,16900.7,30184.1,1000x600,usable,
India,Gurugram,Northgate Campus,Tower A,T1,14F,23A,Production,T1-23F-23A-028,19528.9,30184.1,1000x600,usable,
India,Gurugram,Northgate Campus,Tower A,T1,14F,23A,Production,T1-23F-23A-029,22142.4,30184.1,1000x600,usable,
India,Gurugram,Northgate Campus,Tower A,T1,14F,23A,Production,T1-23F-23A-030,24770.7,30184.1,1000x600,usable,
India,Gurugram,Northgate Campus,Tower A,T1,14F,23A,Production,T1-23F-23A-031,27398.9,30184.1,1000x600,usable,
India,Gurugram,Northgate Campus,Tower A,T1,14F,23A,Production,T1-23F-23A-032,13595.2,30168.0,1000x600,usable,
India,Gurugram,Northgate Campus,Tower A,T1,14F,23A,Production,T1-23F-23A-033,16208.7,30168.0,1000x600,usable,
India,Gurugram,Northgate Campus,Tower A,T1,14F,23A,Production,T1-23F-23A-034,18836.9,30168.0,1000x600,usable,
India,Gurugram,Northgate Campus,Tower A,T1,14F,23A,Production,T1-23F-23A-035,21443.1,30168.0,1000x600,usable,
India,Gurugram,Northgate Campus,Tower A,T1,14F,23A,Production,T1-23F-23A-036,24071.3,30168.0,1000x600,trapped,it_not_ready
India,Gurugram,Northgate Campus,Tower A,T1,14F,23A,Production,T1-23F-23A-037,26699.5,30168.0,1000x600,usable,
India,Gurugram,Northgate Campus,Tower A,T1,14F,23A,Production,T1-23F-23A-038,10952.2,29587.9,1000x600,usable,
India,Gurugram,Northgate Campus,Tower A,T1,14F,23A,Production,T1-23F-23A-039,14272.5,29190.3,1000x600,usable,
India,Gurugram,Northgate Campus,Tower A,T1,14F,23A,Production,T1-23F-23A-040,16900.7,29190.3,1000x600,usable,
India,Gurugram,Northgate Campus,Tower A,T1,14F,23A,Production,T1-23F-23A-041,19528.9,29190.3,1000x600,usable,
India,Gurugram,Northgate Campus,Tower A,T1,14F,23A,Production,T1-23F-23A-042,22142.4,29190.3,1000x600,usable,
India,Gurugram,Northgate Campus,Tower A,T1,14F,23A,Production,T1-23F-23A-043,24770.7,29190.3,1000x600,usable,
India,Gurugram,Northgate Campus,Tower A,T1,14F,23A,Production,T1-23F-23A-044,27398.9,29190.3,1000x600,usable,
India,Gurugram,Northgate Campus,Tower A,T1,14F,23A,Production,T1-23F-23A-045,13595.2,29168.2,1000x600,usable,
India,Gurugram,Northgate Campus,Tower A,T1,14F,23A,Production,T1-23F-23A-046,16208.7,29168.2,1000x600,usable,
India,Gurugram,Northgate Campus,Tower A,T1,14F,23A,Production,T1-23F-23A-047,18836.9,29168.2,1000x600,usable,
India,Gurugram,Northgate Campus,Tower A,T1,14F,23A,Production,T1-23F-23A-048,21443.1,29168.2,1000x600,usable,
India,Gurugram,Northgate Campus,Tower A,T1,14F,23A,Production,T1-23F-23A-049,24071.3,29168.2,1000x600,usable,
India,Gurugram,Northgate Campus,Tower A,T1,14F,23A,Production,T1-23F-23A-050,26699.5,29168.2,1000x600,usable,
India,Gurugram,Northgate Campus,Tower A,T1,14F,23A,Production,T1-23F-23A-051,10952.2,28586.6,1000x600,usable,
India,Gurugram,Northgate Campus,Tower A,T1,14F,23A,Production,T1-23F-23A-052,14272.5,28165.0,1000x600,usable,
India,Gurugram,Northgate Campus,Tower A,T1,14F,23A,Production,T1-23F-23A-053,16900.7,28165.0,1000x600,usable,
India,Gurugram,Northgate Campus,Tower A,T1,14F,23A,Production,T1-23F-23A-054,19528.9,28165.0,1000x600,usable,
India,Gurugram,Northgate Campus,Tower A,T1,14F,23A,Production,T1-23F-23A-055,22142.4,28165.0,1000x600,usable,
India,Gurugram,Northgate Campus,Tower A,T1,14F,23A,Production,T1-23F-23A-056,24770.7,28165.0,1000x600,usable,
India,Gurugram,Northgate Campus,Tower A,T1,14F,23A,Production,T1-23F-23A-057,27398.9,28165.0,1000x600,usable,
India,Gurugram,Northgate Campus,Tower A,T1,14F,23A,Production,T1-23F-23A-058,13595.2,28145.3,1000x600,usable,
India,Gurugram,Northgate Campus,Tower A,T1,14F,23A,Production,T1-23F-23A-059,16208.7,28145.3,1000x600,usable,
India,Gurugram,Northgate Campus,Tower A,T1,14F,23A,Production,T1-23F-23A-060,18836.9,28145.3,1000x600,usable,
India,Gurugram,Northgate Campus,Tower A,T1,14F,23A,Production,T1-23F-23A-061,21443.1,28145.3,1000x600,usable,
India,Gurugram,Northgate Campus,Tower A,T1,14F,23A,Production,T1-23F-23A-062,24071.3,28145.3,1000x600,usable,
India,Gurugram,Northgate Campus,Tower A,T1,14F,23A,Production,T1-23F-23A-063,26699.5,28145.3,1000x600,usable,
India,Gurugram,Northgate Campus,Tower A,T1,14F,23A,Production,T1-23F-23A-064,10952.2,27563.3,1000x600,usable,
India,Gurugram,Northgate Campus,Tower A,T1,14F,23A,Production,T1-23F-23A-065,10952.2,26562.1,1000x600,usable,
India,Gurugram,Northgate Campus,Tower A,T1,14F,23A,Production,T1-23F-23A-066,12958.9,25781.7,1000x600,trapped,it_not_ready
India,Gurugram,Northgate Campus,Tower A,T1,14F,23A,Production,T1-23F-23A-067,13960.1,25781.7,1000x600,usable,
India,Gurugram,Northgate Campus,Tower A,T1,14F,23A,Production,T1-23F-23A-068,14970.6,25781.7,1000x600,usable,
India,Gurugram,Northgate Campus,Tower A,T1,14F,23A,Production,T1-23F-23A-069,15913.4,25781.7,1000x600,usable,
India,Gurugram,Northgate Campus,Tower A,T1,14F,23A,Production,T1-23F-23A-070,16944.7,25781.7,1000x600,usable,
India,Gurugram,Northgate Campus,Tower A,T1,14F,23A,Production,T1-23F-23A-071,17946.0,25781.7,1000x600,trapped,it_not_ready
India,Gurugram,Northgate Campus,Tower A,T1,14F,23A,Production,T1-23F-23A-072,18939.2,25781.7,1000x600,usable,
India,Gurugram,Northgate Campus,Tower A,T1,14F,23A,Production,T1-23F-23A-073,19955.8,25781.7,1000x600,usable,
India,Gurugram,Northgate Campus,Tower A,T1,14F,23A,Production,T1-23F-23A-074,20949.0,25781.7,1000x600,usable,
India,Gurugram,Northgate Campus,Tower A,T1,14F,23A,Production,T1-23F-23A-075,21980.3,25781.7,1000x600,usable,
India,Gurugram,Northgate Campus,Tower A,T1,14F,23A,Production,T1-23F-23A-076,23030.1,25781.7,1000x600,usable,
India,Gurugram,Northgate Campus,Tower A,T1,14F,23A,Production,T1-23F-23A-077,24040.5,25781.7,1000x600,usable,
India,Gurugram,Northgate Campus,Tower A,T1,14F,23A,Production,T1-23F-23A-078,25041.8,25781.7,1000x600,usable,
India,Gurugram,Northgate Campus,Tower A,T1,14F,23A,Production,T1-23F-23A-079,26006.7,25781.7,1000x600,usable,
India,Gurugram,Northgate Campus,Tower A,T1,14F,23A,Production,T1-23F-23A-080,27015.9,25781.7,1000x600,trapped,it_not_ready
India,Gurugram,Northgate Campus,Tower A,T1,14F,23A,Production,T1-23F-23A-081,28031.3,25722.8,1000x500,usable,
India,Gurugram,Northgate Campus,Tower A,T1,14F,Training A,Production,T1-23F-TRA-001,29585.4,68164.8,1000x600,trapped,segregation
India,Gurugram,Northgate Campus,Tower A,T1,14F,Training A,Production,T1-23F-TRA-002,23541.2,67156.2,1000x600,trapped,segregation
India,Gurugram,Northgate Campus,Tower A,T1,14F,Training A,Production,T1-23F-TRA-003,25043.1,67156.2,1000x600,trapped,segregation
India,Gurugram,Northgate Campus,Tower A,T1,14F,Training A,Production,T1-23F-TRA-004,26552.3,67156.2,1000x600,trapped,segregation
India,Gurugram,Northgate Campus,Tower A,T1,14F,Training A,Production,T1-23F-TRA-005,28068.9,67156.2,1000x600,trapped,segregation
India,Gurugram,Northgate Campus,Tower A,T1,14F,Training A,Production,T1-23F-TRA-006,29585.4,67156.2,1000x600,trapped,segregation
India,Gurugram,Northgate Campus,Tower A,T1,14F,Training A,Production,T1-23F-TRA-007,23541.2,66154.9,1000x600,trapped,segregation
India,Gurugram,Northgate Campus,Tower A,T1,14F,Training A,Production,T1-23F-TRA-008,25043.1,66154.9,1000x600,trapped,segregation
India,Gurugram,Northgate Campus,Tower A,T1,14F,Training A,Production,T1-23F-TRA-009,26552.3,66154.9,1000x600,trapped,segregation
India,Gurugram,Northgate Campus,Tower A,T1,14F,Training A,Production,T1-23F-TRA-010,28068.9,66154.9,1000x600,trapped,segregation
India,Gurugram,Northgate Campus,Tower A,T1,14F,Training A,Production,T1-23F-TRA-011,29585.4,66154.9,1000x600,trapped,segregation
India,Gurugram,Northgate Campus,Tower A,T1,14F,Training A,Production,T1-23F-TRA-012,23541.2,65153.7,1000x600,trapped,segregation
India,Gurugram,Northgate Campus,Tower A,T1,14F,Training A,Production,T1-23F-TRA-013,25043.1,65153.7,1000x600,trapped,segregation
India,Gurugram,Northgate Campus,Tower A,T1,14F,Training A,Production,T1-23F-TRA-014,26552.3,65153.7,1000x600,trapped,segregation
India,Gurugram,Northgate Campus,Tower A,T1,14F,Training A,Production,T1-23F-TRA-015,28068.9,65153.7,1000x600,trapped,segregation
India,Gurugram,Northgate Campus,Tower A,T1,14F,Training A,Production,T1-23F-TRA-016,29585.4,65153.7,1000x600,trapped,segregation
India,Gurugram,Northgate Campus,Tower A,T1,14F,Training A,Production,T1-23F-TRA-017,23541.2,64130.4,1000x600,trapped,segregation
India,Gurugram,Northgate Campus,Tower A,T1,14F,Training A,Production,T1-23F-TRA-018,25043.1,64130.4,1000x600,trapped,segregation
India,Gurugram,Northgate Campus,Tower A,T1,14F,Training A,Production,T1-23F-TRA-019,26552.3,64130.4,1000x600,trapped,segregation
India,Gurugram,Northgate Campus,Tower A,T1,14F,Training A,Production,T1-23F-TRA-020,28068.9,64130.4,1000x600,trapped,segregation
India,Gurugram,Northgate Campus,Tower A,T1,14F,Training A,Production,T1-23F-TRA-021,29585.4,64130.4,1000x600,usable,
India,Gurugram,Northgate Campus,Tower A,T1,14F,Training A,Production,T1-23F-TRA-022,23541.2,63129.2,1000x600,usable,
India,Gurugram,Northgate Campus,Tower A,T1,14F,Training A,Production,T1-23F-TRA-023,25043.1,63129.2,1000x600,usable,
India,Gurugram,Northgate Campus,Tower A,T1,14F,Training A,Production,T1-23F-TRA-024,26552.3,63129.2,1000x600,usable,
India,Gurugram,Northgate Campus,Tower A,T1,14F,Training A,Production,T1-23F-TRA-025,28068.9,63129.2,1000x600,usable,
India,Gurugram,Northgate Campus,Tower A,T1,14F,Training A,Production,T1-23F-TRA-026,29585.4,63129.2,1000x600,usable,
India,Gurugram,Northgate Campus,Tower A,T1,14F,Training B,Production,T1-23F-TRB-001,22179.3,60397.8,1000x600,usable,
India,Gurugram,Northgate Campus,Tower A,T1,14F,Training B,Production,T1-23F-TRB-002,23187.9,60397.8,1000x600,usable,
India,Gurugram,Northgate Campus,Tower A,T1,14F,Training B,Production,T1-23F-TRB-003,24189.1,60397.8,1000x600,usable,
India,Gurugram,Northgate Campus,Tower A,T1,14F,Training B,Production,T1-23F-TRB-004,25190.3,60397.8,1000x600,usable,
India,Gurugram,Northgate Campus,Tower A,T1,14F,Training B,Production,T1-23F-TRB-005,26184.2,60397.8,1000x600,usable,
India,Gurugram,Northgate Campus,Tower A,T1,14F,Training B,Production,T1-23F-TRB-006,27185.4,60397.8,1000x600,usable,
India,Gurugram,Northgate Campus,Tower A,T1,14F,Training B,Production,T1-23F-TRB-007,28208.7,60397.8,1000x600,usable,
India,Gurugram,Northgate Campus,Tower A,T1,14F,Training B,Production,T1-23F-TRB-008,29210.0,60397.8,1000x600,usable,
India,Gurugram,Northgate Campus,Tower A,T1,14F,Training B,Production,T1-23F-TRB-009,30218.6,60397.8,1000x600,usable,
India,Gurugram,Northgate Campus,Tower A,T1,14F,Training B,Production,T1-23F-TRB-010,26184.2,59102.1,1000x600,usable,
India,Gurugram,Northgate Campus,Tower A,T1,14F,Training B,Production,T1-23F-TRB-011,27185.4,59102.1,1000x600,trapped,it_not_ready
India,Gurugram,Northgate Campus,Tower A,T1,14F,Training B,Production,T1-23F-TRB-012,28208.7,59102.1,1000x600,usable,
India,Gurugram,Northgate Campus,Tower A,T1,14F,Training B,Production,T1-23F-TRB-013,29210.0,59102.1,1000x600,usable,
India,Gurugram,Northgate Campus,Tower A,T1,14F,Training B,Production,T1-23F-TRB-014,30218.6,59102.1,1000x600,usable,
India,Gurugram,Northgate Campus,Tower A,T1,14F,Training B,Production,T1-23F-TRB-015,24189.1,59087.4,1000x600,usable,
India,Gurugram,Northgate Campus,Tower A,T1,14F,Training B,Production,T1-23F-TRB-016,25190.3,59087.4,1000x600,usable,
India,Gurugram,Northgate Campus,Tower A,T1,14F,Training B,Production,T1-23F-TRB-017,24189.1,57784.3,1000x600,usable,
India,Gurugram,Northgate Campus,Tower A,T1,14F,Training B,Production,T1-23F-TRB-018,25190.3,57784.3,1000x600,usable,
India,Gurugram,Northgate Campus,Tower A,T1,14F,Training B,Production,T1-23F-TRB-019,26184.2,57784.3,1000x600,usable,
India,Gurugram,Northgate Campus,Tower A,T1,14F,Training B,Production,T1-23F-TRB-020,27185.4,57784.3,1000x600,usable,
India,Gurugram,Northgate Campus,Tower A,T1,14F,Training B,Production,T1-23F-TRB-021,28208.7,57784.3,1000x600,usable,
India,Gurugram,Northgate Campus,Tower A,T1,14F,Training B,Production,T1-23F-TRB-022,29210.0,57784.3,1000x600,usable,
India,Gurugram,Northgate Campus,Tower A,T1,14F,Training B,Production,T1-23F-TRB-023,30218.6,57784.3,1000x600,usable,
India,Gurugram,Northgate Campus,Tower A,T1,14F,Training B,Production,T1-23F-TRB-024,22179.3,56473.9,1000x600,usable,
India,Gurugram,Northgate Campus,Tower A,T1,14F,Training B,Production,T1-23F-TRB-025,23187.9,56473.9,1000x600,usable,
India,Gurugram,Northgate Campus,Tower A,T1,14F,Training B,Production,T1-23F-TRB-026,24189.1,56473.9,1000x600,usable,
India,Gurugram,Northgate Campus,Tower A,T1,14F,Training B,Production,T1-23F-TRB-027,25190.3,56473.9,1000x600,usable,
India,Gurugram,Northgate Campus,Tower A,T1,14F,Training B,Production,T1-23F-TRB-028,26184.2,56473.9,1000x600,usable,
India,Gurugram,Northgate Campus,Tower A,T1,14F,Training B,Production,T1-23F-TRB-029,27185.4,56473.9,1000x600,usable,
India,Gurugram,Northgate Campus,Tower A,T1,14F,Training B,Production,T1-23F-TRB-030,28208.7,56473.9,1000x600,trapped,it_not_ready
India,Gurugram,Northgate Campus,Tower A,T1,14F,Training B,Production,T1-23F-TRB-031,29210.0,56473.9,1000x600,usable,
India,Gurugram,Northgate Campus,Tower A,T1,14F,Training B,Production,T1-23F-TRB-032,30218.6,56473.9,1000x600,usable,
India,Gurugram,Northgate Campus,Tower A,T1,14F,Training B,Production,T1-23F-TRB-033,22179.3,55170.8,1000x600,usable,
India,Gurugram,Northgate Campus,Tower A,T1,14F,Training B,Production,T1-23F-TRB-034,23180.5,55170.8,1000x600,usable,
India,Gurugram,Northgate Campus,Tower A,T1,14F,Training B,Production,T1-23F-TRB-035,24181.7,55170.8,1000x600,usable,
India,Gurugram,Northgate Campus,Tower A,T1,14F,Training B,Production,T1-23F-TRB-036,25175.6,55156.1,1000x600,usable,
India,Gurugram,Northgate Campus,Tower A,T1,14F,Training B,Production,T1-23F-TRB-037,26184.2,55156.1,1000x600,usable,
India,Gurugram,Northgate Campus,Tower A,T1,14F,Training B,Production,T1-23F-TRB-038,27185.4,55156.1,1000x600,usable,
India,Gurugram,Northgate Campus,Tower A,T1,14F,Training B,Production,T1-23F-TRB-039,28208.7,55156.1,1000x600,usable,
India,Gurugram,Northgate Campus,Tower A,T1,14F,Training B,Production,T1-23F-TRB-040,29210.0,55156.1,1000x600,trapped,it_not_ready
India,Gurugram,Northgate Campus,Tower A,T1,14F,Training B,Production,T1-23F-TRB-041,30218.6,55156.1,1000x600,usable,
India,Gurugram,Northgate Campus,Tower A,T1,14F,Training C,Production,T1-23F-TRC-001,24321.6,49693.5,1000x600,usable,
India,Gurugram,Northgate Campus,Tower A,T1,14F,Training C,Production,T1-23F-TRC-002,25735.1,49693.5,1000x600,trapped,it_not_ready
India,Gurugram,Northgate Campus,Tower A,T1,14F,Training C,Production,T1-23F-TRC-003,27141.2,49693.5,1000x600,usable,
India,Gurugram,Northgate Campus,Tower A,T1,14F,Training C,Production,T1-23F-TRC-004,28562.1,49693.5,1000x600,usable,
India,Gurugram,Northgate Campus,Tower A,T1,14F,Training C,Production,T1-23F-TRC-005,22495.8,48891.0,1000x600,usable,
India,Gurugram,Northgate Campus,Tower A,T1,14F,Training C,Production,T1-23F-TRC-006,24321.6,48692.3,1000x600,usable,
India,Gurugram,Northgate Campus,Tower A,T1,14F,Training C,Production,T1-23F-TRC-007,25735.1,48692.3,1000x600,usable,
India,Gurugram,Northgate Campus,Tower A,T1,14F,Training C,Production,T1-23F-TRC-008,27141.2,48692.3,1000x600,usable,
India,Gurugram,Northgate Campus,Tower A,T1,14F,Training C,Production,T1-23F-TRC-009,28562.1,48692.3,1000x600,usable,
India,Gurugram,Northgate Campus,Tower A,T1,14F,Training C,Production,T1-23F-TRC-010,22495.8,47889.8,1000x600,usable,
India,Gurugram,Northgate Campus,Tower A,T1,14F,Training C,Production,T1-23F-TRC-011,24321.6,47691.0,1000x600,usable,
India,Gurugram,Northgate Campus,Tower A,T1,14F,Training C,Production,T1-23F-TRC-012,25735.1,47691.0,1000x600,usable,
India,Gurugram,Northgate Campus,Tower A,T1,14F,Training C,Production,T1-23F-TRC-013,27141.2,47691.0,1000x600,usable,
India,Gurugram,Northgate Campus,Tower A,T1,14F,Training C,Production,T1-23F-TRC-014,28562.1,47691.0,1000x600,usable,
India,Gurugram,Northgate Campus,Tower A,T1,14F,Training C,Production,T1-23F-TRC-015,22495.8,46881.2,1000x600,usable,
India,Gurugram,Northgate Campus,Tower A,T1,14F,Training C,Production,T1-23F-TRC-016,24321.6,46689.8,1000x600,usable,
India,Gurugram,Northgate Campus,Tower A,T1,14F,Training C,Production,T1-23F-TRC-017,25735.1,46689.8,1000x600,usable,
India,Gurugram,Northgate Campus,Tower A,T1,14F,Training C,Production,T1-23F-TRC-018,27141.2,46689.8,1000x600,usable,
India,Gurugram,Northgate Campus,Tower A,T1,14F,Training C,Production,T1-23F-TRC-019,28562.1,46689.8,1000x600,usable,
India,Gurugram,Northgate Campus,Tower A,T1,14F,Training C,Production,T1-23F-TRC-020,22495.8,45880.0,1000x600,usable,
India,Gurugram,Northgate Campus,Tower A,T1,14F,Training C,Production,T1-23F-TRC-021,24321.6,45688.6,1000x600,usable,
India,Gurugram,Northgate Campus,Tower A,T1,14F,Training C,Production,T1-23F-TRC-022,25735.1,45688.6,1000x600,usable,
India,Gurugram,Northgate Campus,Tower A,T1,14F,Training C,Production,T1-23F-TRC-023,27141.2,45688.6,1000x600,usable,
India,Gurugram,Northgate Campus,Tower A,T1,14F,Training C,Production,T1-23F-TRC-024,28562.1,45688.6,1000x600,usable,
India,Gurugram,Northgate Campus,Tower A,T1,14F,Training C,Production,T1-23F-TRC-025,22495.8,44878.8,1000x600,usable,
India,Gurugram,Northgate Campus,Tower A,T1,14F,Training C,Production,T1-23F-TRC-026,24321.6,44687.3,1000x600,usable,
India,Gurugram,Northgate Campus,Tower A,T1,14F,Training C,Production,T1-23F-TRC-027,25735.1,44687.3,1000x600,usable,
India,Gurugram,Northgate Campus,Tower A,T1,14F,Training C,Production,T1-23F-TRC-028,27141.2,44687.3,1000x600,usable,
India,Gurugram,Northgate Campus,Tower A,T1,14F,Training C,Production,T1-23F-TRC-029,28562.1,44687.3,1000x600,usable,
India,Gurugram,Northgate Campus,Tower A,T1,14F,Training C,Production,T1-23F-TRC-030,22495.8,43877.5,1000x600,usable,
India,Gurugram,Northgate Campus,Tower A,T1,14F,Training C,Production,T1-23F-TRC-031,24321.6,43686.1,1000x600,usable,
India,Gurugram,Northgate Campus,Tower A,T1,14F,Training C,Production,T1-23F-TRC-032,25735.1,43686.1,1000x600,usable,
India,Gurugram,Northgate Campus,Tower A,T1,14F,Training C,Production,T1-23F-TRC-033,27141.2,43686.1,1000x600,usable,
India,Gurugram,Northgate Campus,Tower A,T1,14F,Training C,Production,T1-23F-TRC-034,28562.1,43686.1,1000x600,usable,
India,Gurugram,Northgate Campus,Tower A,T1,14F,Training C,Production,T1-23F-TRC-035,22495.8,42876.3,1000x600,usable,
India,Gurugram,Northgate Campus,Tower A,T1,14F,Training C,Production,T1-23F-TRC-036,24321.6,42677.5,1000x600,usable,
India,Gurugram,Northgate Campus,Tower A,T1,14F,Training C,Production,T1-23F-TRC-037,25735.1,42677.5,1000x600,trapped,it_not_ready
India,Gurugram,Northgate Campus,Tower A,T1,14F,Training C,Production,T1-23F-TRC-038,27141.2,42677.5,1000x600,usable,
India,Gurugram,Northgate Campus,Tower A,T1,14F,Training C,Production,T1-23F-TRC-039,28562.1,42677.5,1000x600,usable,
India,Gurugram,Northgate Campus,Tower A,T1,14F,Training C,Production,T1-23F-TRC-040,24321.6,41676.3,1000x600,usable,
India,Gurugram,Northgate Campus,Tower A,T1,14F,Training C,Production,T1-23F-TRC-041,25735.1,41676.3,1000x600,usable,
India,Gurugram,Northgate Campus,Tower A,T1,14F,Training C,Production,T1-23F-TRC-042,27141.2,41676.3,1000x600,usable,
India,Gurugram,Northgate Campus,Tower A,T1,14F,Training C,Production,T1-23F-TRC-043,28562.1,41676.3,1000x600,usable,
India,Gurugram,Northgate Campus,Tower A,T1,14F,IT,Support,T1-23F-IT-001,11150.6,23551.0,1000x600,usable,
India,Gurugram,Northgate Campus,Tower A,T1,14F,IT,Support,T1-23F-IT-002,12099.9,23551.0,1000x600,usable,
India,Gurugram,Northgate Campus,Tower A,T1,14F,IT,Support,T1-23F-IT-003,13109.1,23551.0,1000x600,usable,
India,Gurugram,Northgate Campus,Tower A,T1,14F,HR,Support,T1-23F-HR-001,16391.4,24176.8,1000x600,usable,
India,Gurugram,Northgate Campus,Tower A,T1,14F,HR,Support,T1-23F-HR-002,17356.4,24176.8,1000x600,usable,
India,Gurugram,Northgate Campus,Tower A,T1,14F,HR,Support,T1-23F-HR-003,18357.6,24176.8,1000x600,usable,
India,Gurugram,Northgate Campus,Tower A,T1,14F,HR,Support,T1-23F-HR-004,16657.7,23484.8,1000x600,usable,
India,Gurugram,Northgate Campus,Tower A,T1,14F,HR,Support,T1-23F-HR-005,17659.0,23484.8,1000x600,usable,
India,Gurugram,Northgate Campus,Tower A,T1,14F,HR,Support,T1-23F-HR-006,18667.6,23484.8,1000x600,usable,
India,Gurugram,Northgate Campus,Tower A,T1,14F,Nutson Room,Support,T1-23F-NUT-001,11169.9,20525.3,1000x600,usable,
India,Gurugram,Northgate Campus,Tower A,T1,14F,Nutson Room,Support,T1-23F-NUT-002,12114.6,20525.3,1000x600,usable,
India,Gurugram,Northgate Campus,Tower A,T1,14F,Nutson Room,Support,T1-23F-NUT-003,13123.2,20525.3,1000x600,usable,
India,Gurugram,Northgate Campus,Tower A,T1,14F,Nutson Room,Support,T1-23F-NUT-004,11416.0,19833.2,1000x600,usable,
India,Gurugram,Northgate Campus,Tower A,T1,14F,Nutson Room,Support,T1-23F-NUT-005,12424.6,19833.2,1000x600,usable,
India,Gurugram,Northgate Campus,Tower A,T1,14F,Nutson Room,Support,T1-23F-NUT-006,13447.9,19833.2,1000x600,usable,
India,Gurugram,Northgate Campus,Tower A,T1,14F,Manager Room,Support,T1-23F-MGR-001,19182.2,68054.3,1200x600,usable,
India,Gurugram,Northgate Campus,Tower A,T1,14F,Counselling,Support,T1-23F-CNS-001,36225.2,11801.3,1000x600,usable,
